"File Name","Main mission","Sub mission","Academic Summary","Link sub folder","","","","","","","","","","","","","","","","","","","","",""
"รวมเล่ม 10 เทคนิค GPT.pdf","กลุ่มที่ 4: การพัฒนาระบบนิเวศการเรียนรู้ดิจิทัลและเทคโนโลยีสารสนเทศเพื่อการนิเทศการศึกษา","4.2 การพัฒนาระบบอัตโนมัติและเครื่องมือช่วยปฏิบัติงาน (การเขียนสคริปต์/โค้ด/ระบบอัตโนมัติ)","เป็นการถอดประสบการณ์ของศึกษานิเทศก์ในการทดลองสร้างและพัฒนาเทคนิคการเขียน Prompt 10 รูปแบบ เพื่อเป็นเครื่องมือช่วยครูผู้สอนในการสกัดไอเดียเชิงนวัตกรรม เช่น การเขียนแผนการจัดการเรียนรู้ การสร้างหลักสูตร และการทำวิจัยในชั้นเรียนได้อย่างเฉพาะเจาะจง","https://drive.google.com/drive/folders/12npSm4gurZQZymD0KIj0syAIRYTQiEF1?usp=sharing","","","","","","","","","","","","","","","","","","","","",""
"รวมเล่ม active local modern final.pdf","กลุ่มที่ 1: การพัฒนานวัตกรรมและองค์ความรู้เฉพาะทางในการนิเทศการศึกษา","1.1 เอกสารวิชาการประเภท ""คู่มือและแนวทางการนิเทศ""","นวัตกรรมคู่มือปฏิบัติการสำหรับศึกษานิเทศก์และครู เพื่อขับเคลื่อนนโยบายปฏิรูปการศึกษาปี 2568 โดยเชื่อมโยงกรอบมาตรฐานพฤติกรรม Active Learning เข้ากับ 10 ต้นแบบกิจกรรมเชิงรุกตามบริบทท้องถิ่นเชียงใหม่ร่วมสมัยและการประเมินแนวใหม่","https://drive.google.com/drive/folders/1rMBq7XiQFJBOZsH7W5O8Ys1MwdYDbU3K?usp=sharing","","","","","","","","","","","","","","","","","","","","",""
"รวมเล่ม AI for science final.pdf","กลุ่มที่ 4: การพัฒนาระบบนิเวศการเรียนรู้ดิจิทัลและเทคโนโลยีสารสนเทศเพื่อการนิเทศการศึกษา","4.1 เอกสารวิชาการและสื่อการเรียนรู้ดิจิทัลในรูปแบบไฟล์คงรูป (PDF/e-Book)","คลังความรู้อัจฉริยะและแนวทางการใช้เครื่องมือ Open AI (เช่น ChatGPT, Claude) ในการออกแบบกิจกรรมการเรียนรู้และเกณฑ์การประเมิน (Rubrics) ที่ช่วยหนุนเสริมสมรรถนะวิทยาศาสตร์ของนักเรียนตามกรอบ PISA 2025 โดยใช้สถานการณ์จริงรอบตัวเป็นสิ่งเร้า","https://drive.google.com/drive/folders/1k0eNO-0kkMyYEvHbEJ12LLxqDdEujTCW?usp=sharing","","","","","","","","","","","","","","","","","","","","",""
"รวมเล่ม ChatGPT for director.pdf","กลุ่มที่ 2: การพัฒนาวิชาชีพและหนุนเสริมศักยภาพครูผ่านกระบวนการนิเทศแบบร่วมมือ","2.1 หลักสูตรและสื่อการพัฒนาวิชาชีพครู (เช่น เอกสารประกอบการจัดเวิร์กชอป)","เอกสารข้อเสนอแนะและไอเดียต้นแบบการใช้ ChatGPT สำหรับผู้บริหารสถานศึกษา เพื่อเป็นสื่อในการวางแผนกิจกรรม พัฒนาวิชาชีพครูอย่างมืออาชีพในเรื่องกลยุทธ์ Active Learning และส่งเสริมสมรรถนะด้านเทคโนโลยีดิจิทัลเชิงระบบให้แก่นักเรียน","https://drive.google.com/drive/folders/1XTdr4mmlwkj8wnRVMpYYiECGwHSYoY4H?usp=sharing","","","","","","","","","","","","","","","","","","","","",""
"รวมเล่ม ChatGPT for parent.pdf","กลุ่มที่ 2: การพัฒนาวิชาชีพและหนุนเสริมศักยภาพครูผ่านกระบวนการนิเทศแบบร่วมมือ","2.1 หลักสูตรและสื่อการพัฒนาวิชาชีพครู (เช่น เอกสารประกอบการจัดเวิร์กชอป)","สื่อการเรียนรู้เชิงแนวคิดสำหรับผู้ปกครองในการประยุกต์ใช้ ChatGPT เป็นพี่เลี้ยงช่วยสอนและเพื่อนคู่คิดเพื่อหนุนเสริมการเรียนรู้ของบุตรหลาน ครอบคลุมทั้งการช่วยทำการบ้าน งานวิจัย การฝึกภาษา และการกระตุ้นทักษะการคิดอย่างมีวิจารณญาณ (Media Literacy)","https://drive.google.com/drive/folders/1XTdr4mmlwkj8wnRVMpYYiECGwHSYoY4H?usp=sharing","","","","","","","","","","","","","","","","","","","","",""
"รวมเล่ม ChatGPT for Student.pdf","กลุ่มที่ 2: การพัฒนาวิชาชีพและหนุนเสริมศักยภาพครูผ่านกระบวนการนิเทศแบบร่วมมือ","2.1 หลักสูตรและสื่อการพัฒนาวิชาชีพครู (เช่น เอกสารประกอบการจัดเวิร์กชอป)","สื่อไอเดียและแนวทางสำหรับนักเรียนในการใช้ ChatGPT เป็นเครื่องมือสังเคราะห์ข้อมูลและแหล่งเรียนรู้อัจฉริยะยุคใหม่ เพื่อกระตุ้นทักษะการคิดวิพากษ์และการรู้เท่าทันสื่อ (Media Literacy) ให้เท่าทันความก้าวหน้าทางเทคโนโลยี","https://drive.google.com/drive/folders/1XTdr4mmlwkj8wnRVMpYYiECGwHSYoY4H?usp=sharing","","","","","","","","","","","","","","","","","","","","",""
"รวมเล่ม ChatGPT for Supervisor.pdf","กลุ่มที่ 1: การพัฒนานวัตกรรมและองค์ความรู้เฉพาะทางในการนิเทศการศึกษา","2.1 หลักสูตรและสื่อการพัฒนาวิชาชีพครู (เช่น เอกสารประกอบการจัดเวิร์กชอป)","คู่มือเชิงแนวคิดและนวัตกรรมการนิเทศการศึกษาสำหรับศึกษานิเทศก์ในการนำ ChatGPT มาประยุกต์ใช้เป็นเพื่อนคู่คิดเพื่อขับเคลื่อนงานวิเทศสัมพันธ์ งานวิชาการ และงานนิเทศติดตามสถานศึกษาอย่างชาญฉลาด","https://drive.google.com/drive/folders/1XTdr4mmlwkj8wnRVMpYYiECGwHSYoY4H?usp=sharing","","","","","","","","","","","","","","","","","","","","",""
"รวมเล่ม ChatGPT for Teacher.pdf","กลุ่มที่ 2: การพัฒนาวิชาชีพและหนุนเสริมศักยภาพครูผ่านกระบวนการนิเทศแบบร่วมมือ","2.1 หลักสูตรและสื่อการพัฒนาวิชาชีพครู (เช่น เอกสารประกอบการจัดเวิร์กชอป)","สื่อการพัฒนาวิชาชีพที่มุ่งสร้างความเข้าใจให้แก่ครูผู้สอนในการประยุกต์ใช้ ChatGPT เพื่อเป็นเครื่องมือช่วยปฏิรูปห้องเรียน ทั้งการออกแบบหลักสูตร การเขียนแผนจัดการเรียนรู้ และการสร้างนวัตกรรมสื่อการสอน","https://drive.google.com/drive/folders/1XTdr4mmlwkj8wnRVMpYYiECGwHSYoY4H?usp=sharing","","","","","","","","","","","","","","","","","","","","",""
"รวมเล่ม ChatGPT กับการวัดผลในชั้นเรียน.pdf","กลุ่มที่ 1: การพัฒนานวัตกรรมและองค์ความรู้เฉพาะทางในการนิเทศการศึกษา","1.2 เครื่องมือการวัดและประเมินผลต้นแบบ","คู่มือเทคนิคการใช้ ChatGPT เป็นนวัตกรรมหนุนเสริมการวัดและประเมินผลตามสภาพจริงในชั้นเรียน เพื่อช่วยครูผู้สอนสร้างเครื่องมือวัดผลที่มีประสิทธิภาพและช่วยยกระดับคุณภาพผู้เรียนสู่การเป็นพลเมืองโลก","https://drive.google.com/drive/folders/1nE74WgwPM3qwR5Z9KMP_1XUyYnYfZFMu?usp=sharing","","","","","","","","","","","","","","","","","","","","",""
"รวมเล่ม visual rubrics final.pdf","กลุ่มที่ 1: การพัฒนานวัตกรรมและองค์ความรู้เฉพาะทางในการนิเทศการศึกษา","1.2 เครื่องมือการวัดและประเมินผลต้นแบบ","คลังนวัตกรรมการประเมินเพื่อพัฒนาการเรียนรู้ (Assessment for Learning) ของคณะครูจังหวัดเชียงใหม่ ผ่านเครื่องมือต้นแบบ ""Visual Rubrics"" ที่ใช้ภาพ สี และสัญลักษณ์เพื่อสื่อสารเกณฑ์การวัดผลให้เข้าใจง่ายและเป็นรูปธรรม","https://drive.google.com/drive/folders/1nE74WgwPM3qwR5Z9KMP_1XUyYnYfZFMu?usp=sharing","","","","","","","","","","","","","","","","","","","","",""
"รวมบทความ PA final.pdf","กลุ่มที่ 1: การพัฒนานวัตกรรมและองค์ความรู้เฉพาะทางในการนิเทศการศึกษา","1.3 รายงานการวิจัยและพัฒนา (R&D) ในบทบาทศึกษานิเทศก์","ผลการวิเคราะห์และสะท้อนมุมมองเชิงวิชาการ 7 บทความในการจัดทำข้อตกลงพัฒนางาน (ว.PA) โดยใช้ศาสตร์การวิจัยและประเมินผลตามสภาพจริง (Authentic Assessment) เป็นฐานคิดเพื่อขับเคลื่อนห้องเรียนสมรรถนะ","https://drive.google.com/drive/folders/1UHau5Y_tZk2yz4wGd-EyCgdYwyLbOyIp?usp=sharing","","","","","","","","","","","","","","","","","","","","",""
"รวมเล่มการประเมินในสถานการณ์ที่ไม่คุ้นเคย.pdf","กลุ่มที่ 1: การพัฒนานวัตกรรมและองค์ความรู้เฉพาะทางในการนิเทศการศึกษา","1.2 เครื่องมือการวัดและประเมินผลต้นแบบ","บทความวิเคราะห์และแนวทางการวัดประเมินผลการเรียนรู้ออนไลน์บนฐานคิด ""Assessment for Life"" โดยนำเสนอนวัตกรรมเครื่องมือช่วยประเมินแบบ 4 ส และ 4 ท ร่วมกับ Rubrics เพื่อลดความเครียดของผู้เรียนและผู้ปกครอง","https://drive.google.com/drive/folders/1nE74WgwPM3qwR5Z9KMP_1XUyYnYfZFMu?usp=sharing","","","","","","","","","","","","","","","","","","","","",""
"รวมเล่มความเชื่อมโยงวิจัยในชั้นเรียน และ ระดับวิทยฐานะ.pdf","กลุ่มที่ 2: การพัฒนาวิชาชีพและหนุนเสริมศักยภาพครูผ่านกระบวนการนิเทศแบบร่วมมือ","2.1 หลักสูตรและสื่อการพัฒนาวิชาชีพครู (เช่น เอกสารประกอบการจัดเวิร์กชอป)","คู่มือพัฒนาวิชาชีพที่ใช้กระบวนการวิจัยในชั้นเรียนเป็นเข็มทิศนำทาง เพื่อเป็นสื่อสร้างความเข้าใจให้ครูผู้สอนมองเห็นความเชื่อมโยงในการพัฒนาตนเองและการเลื่อนระดับวิทยฐานะตามเกณฑ์ ว.PA จากครูผู้ช่วยสู่ครูเชี่ยวชาญพิเศษ","https://drive.google.com/drive/folders/1XTdr4mmlwkj8wnRVMpYYiECGwHSYoY4H?usp=sharing","","","","","","","","","","","","","","","","","","","","",""
"รวมเล่มนานาทัศนะ final.pdf","กลุ่มที่ 1: การพัฒนานวัตกรรมและองค์ความรู้เฉพาะทางในการนิเทศการศึกษา","1.1 เอกสารวิชาการประเภท ""คู่มือและแนวทางการนิเทศ""","หนังสือรวบรวม 6 มุมมองเชิงวิชาการในการปฏิรูปการศึกษาฐานสมรรถนะ โดยเสนอแนวคิดการออกแบบหลักสูตร การจัดการเรียนรู้ และการประเมินสมรรถนะที่ยึดโยงจากสถานการณ์จริงรอบตัวผู้เรียน","https://drive.google.com/drive/folders/1rMBq7XiQFJBOZsH7W5O8Ys1MwdYDbU3K?usp=sharing","","","","","","","","","","","","","","","","","","","","",""
"ระบบสารสนเทศวิเคราะห์ผลสัมฤทธิ์ระดับชาติ (O-NET): จังหวัดเชียงใหม่","กลุ่มที่ 4: การพัฒนาระบบนิเวศการเรียนรู้ดิจิทัลและเทคโนโลยีสารสนเทศเพื่อการนิเทศการศึกษา","4.4 แพลตฟอร์มและระบบสารสนเทศอัจฉริยะบนเครือข่ายอินเทอร์เน็ต (Website/Dashboard)","การพัฒนาเว็บแอปพลิเคชันสารสนเทศอัจฉริยะเพื่อวิเคราะห์และเปรียบเทียบแนวโน้มผลสอบ O-NET ย้อนหลัง 4 ปี (2565-2568) ของ ศธจ.เชียงใหม่ จำแนกรายสังกัดและมาตรฐานการเรียนรู้ ช่วยให้ศึกษานิเทศก์ใช้เป็นเครื่องมือชี้เป้าในการนิเทศเชิงรุกได้อย่างแม่นยำ","https://ais-pre-lelv2qehhaoemuuh7e56bb-958605973671.asia-southeast1.run.app/","","","","","","","","","","","","","","","","","","","","",""
"รวมเล่มวัดผลบูรณาการ.pdf","กลุ่มที่ 1: การพัฒนานวัตกรรมและองค์ความรู้เฉพาะทางในการนิเทศการศึกษา","1.2 เครื่องมือการวัดและประเมินผลต้นแบบ","ต้นแบบแนวทางการประเมินการเรียนรู้แบบบูรณาการข้ามศาสตร์ในยุคดิจิทัล โดยการหยิบยกคำค้นหายอดนิยมจาก Google Trends มาสร้างเป็นสิ่งเร้าและสถานการณ์จำลอง เพื่อวัดสมรรถนะควบคู่กับการลดภาระงานของครูและนักเรียน","https://drive.google.com/drive/folders/1nE74WgwPM3qwR5Z9KMP_1XUyYnYfZFMu?usp=sharing","","","","","","","","","","","","","","","","","","","","",""
"รวมเล่มวิจัยในชั้นเรียนสถานการณ์ที่ไม่คุ้นเคย.pdf","กลุ่มที่ 1: การพัฒนานวัตกรรมและองค์ความรู้เฉพาะทางในการนิเทศการศึกษา","1.3 รายงานการวิจัยและพัฒนา (R&D) ในบทบาทศึกษานิเทศก์","งานวิจัยและสะท้อนมุมมองเชิงระบบในการทำวิจัยในชั้นเรียนแบบร่วมมือ (Collaborative Classroom Research) ภายใต้ข้อจำกัดของสถานการณ์เปลี่ยนผ่าน เพื่อสร้างแนวทางใหม่ในการแก้ปัญหาที่ไม่คุ้นเคยด้วยนวัตกรรมที่เท่าทันบริบท","https://drive.google.com/drive/folders/1UHau5Y_tZk2yz4wGd-EyCgdYwyLbOyIp?usp=sharing","","","","","","","","","","","","","","","","","","","","",""
"รวมบทความ Learning Loss.pdf","กลุ่มที่ 2: การพัฒนาวิชาชีพและหนุนเสริมศักยภาพครูผ่านกระบวนการนิเทศแบบร่วมมือ","2.3 การถอดบทเรียนและแนวปฏิบัติที่เป็นเลิศของสถานศึกษา (School Best Practices)","คลังแนวปฏิบัติที่ดีเลิศ (Best Practices) จากการถอดประสบการณ์จริงของครูผู้สอนและโรงเรียน 8 แห่งในจังหวัดเชียงใหม่ ในการออกแบบกิจกรรมการเรียนรู้เพื่อฟื้นฟูและแก้ไขภาวะถดถอยทางการเรียนรู้ของผู้เรียนหลังวิกฤต","https://drive.google.com/drive/folders/18StcylMa_avVn9dn80b2Hns6hale1gH8?usp=sharing","","","","","","","","","","","","","","","","","","","","",""
"รวมบทความการเขียนข้อสอบชนิดเขียนตอบ อัตนัย.pdf","กลุ่มที่ 1: การพัฒนานวัตกรรมและองค์ความรู้เฉพาะทางในการนิเทศการศึกษา","1.1 เอกสารวิชาการประเภท ""คู่มือและแนวทางการนิเทศ""","คู่มือและแนวทางวิชาการที่เรียบเรียงขึ้นเพื่อสร้างความรู้ความเข้าใจให้แก่ครูและผู้บริหาร ตั้งแต่มโนทัศน์เบื้องต้น การวิเคราะห์มาตรฐานตัวชี้วัด การสร้างเครื่องมือวัดผลสัมฤทธิ์แบบอัตนัย และการใช้เกณฑ์ประเมิน (Rubrics)","https://drive.google.com/drive/folders/1rMBq7XiQFJBOZsH7W5O8Ys1MwdYDbU3K?usp=sharing","","","","","","","","","","","","","","","","","","","","",""
"รวมบทความการประเมินแบบบูรณาการเพื่อรองรับ CBE.pdf","กลุ่มที่ 1: การพัฒนานวัตกรรมและองค์ความรู้เฉพาะทางในการนิเทศการศึกษา","1.2 เครื่องมือการวัดและประเมินผลต้นแบบ","นวัตกรรมต้นแบบแนวทางการประเมินผลข้ามศาสตร์เพื่อรองรับการศึกษาฐานสมรรถนะ (CBE) โดยใช้สถานการณ์จริงรอบตัวและคำค้นหายอดนิยมจาก Google Trends มาเป็นสิ่งเร้า มุ่งลดภาระการประเมินของครูและนักเรียน","https://drive.google.com/drive/folders/1nE74WgwPM3qwR5Z9KMP_1XUyYnYfZFMu?usp=sharing","","","","","","","","","","","","","","","","","","","","",""
"รวมบทความการวัดผลแบบบูรณาการข้ามศาสตร์.pdf","กลุ่มที่ 1: การพัฒนานวัตกรรมและองค์ความรู้เฉพาะทางในการนิเทศการศึกษา","1.2 เครื่องมือการวัดและประเมินผลต้นแบบ","การพัฒนากรอบแนวคิดและเครื่องมือต้นแบบการวัดประเมินผลการเรียนรู้ข้ามศาสตร์ในสถานการณ์ที่ไม่คุ้นเคย เชื่อมโยงบริบทสังคม เทรนด์ออนไลน์ และการประเมินตามสภาพจริง เพื่อช่วยลดภาระงานควบคู่กับการพัฒนาผู้เรียน","https://drive.google.com/drive/folders/1nE74WgwPM3qwR5Z9KMP_1XUyYnYfZFMu?usp=sharing","","","","","","","","","","","","","","","","","","","","",""
"รวมบทความนานาทัศนะการศึกษาฐานสมรรถนะ.pdf","กลุ่มที่ 1: การพัฒนานวัตกรรมและองค์ความรู้เฉพาะทางในการนิเทศการศึกษา","1.1 เอกสารวิชาการประเภท ""คู่มือและแนวทางการนิเทศ""","หนังสือรวบรวม 6 ทัศนะและมุมมองเชิงวิชาการด้านการออกแบบการศึกษาฐานสมรรถนะ ครอบคลุมทั้งด้านหลักสูตร การจัดการเรียนรู้ และการประเมินผลที่เน้นสถานการณ์รอบตัวผู้เรียน เพื่อเป็นแนวทางปฏิรูปห้องเรียน","https://drive.google.com/drive/folders/1rMBq7XiQFJBOZsH7W5O8Ys1MwdYDbU3K?usp=sharing","","","","","","","","","","","","","","","","","","","","",""
"รวมเล่ม data driven education.pdf","กลุ่มที่ 1: การพัฒนานวัตกรรมและองค์ความรู้เฉพาะทางในการนิเทศการศึกษา","1.1 เอกสารวิชาการประเภท ""คู่มือและแนวทางการนิเทศ""","คู่มือเชิงแนวคิดและกระบวนการสำหรับครูในการนำข้อมูลสารสนเทศมาใช้ตัดสินใจเพื่อพัฒนาคุณภาพการศึกษา (Data-Driven Decisions) ครอบคลุมการเก็บ วิเคราะห์ และรายงานผลเพื่อยกระดับผลสัมฤทธิ์อย่างเป็นระบบ","https://drive.google.com/drive/folders/1rMBq7XiQFJBOZsH7W5O8Ys1MwdYDbU3K?usp=sharing","","","","","","","","","","","","","","","","","","","","",""
"รวมเล่ม education taxonomy final.pdf","กลุ่มที่ 1: การพัฒนานวัตกรรมและองค์ความรู้เฉพาะทางในการนิเทศการศึกษา","1.1 เอกสารวิชาการประเภท ""คู่มือและแนวทางการนิเทศ""","เอกสารวิชาการจำแนกหมวดหมู่และอนุกรมวิธานสำคัญทางการศึกษา (เช่น Bloom, Marzano, Webb's DOK) เพื่อเป็นกรอบแนวคิดให้ครูนำไปประยุกต์ใช้ในการจัดพฤติกรรมการเรียนรู้และการสร้างข้อสอบวัดคิดขั้นสูง","https://drive.google.com/drive/folders/1rMBq7XiQFJBOZsH7W5O8Ys1MwdYDbU3K?usp=sharing","","","","","","","","","","","","","","","","","","","","",""
"รวมเล่ม ลุก รับ เรียน รู้.pdf","กลุ่มที่ 4: การพัฒนาระบบนิเวศการเรียนรู้ดิจิทัลและเทคโนโลยีสารสนเทศเพื่อการนิเทศการศึกษา","4.1 เอกสารวิชาการและสื่อการเรียนรู้ดิจิทัลในรูปแบบไฟล์คงรูป (PDF/e-Book)","นวัตกรรมการจัดการความรู้ (KM) ของศึกษานิเทศก์ในบทบาท ""นักเล่าเรื่อง"" ผ่านแพลตฟอร์มโซเชียลมีเดีย เพื่อเปลี่ยนผ่านความรู้ ""จากกระดาษสู่อากาศ"" หนุนเสริมให้ครูเกิดการเรียนรู้ร่วมกันแบบยืดหยุ่น","https://drive.google.com/drive/folders/1k0eNO-0kkMyYEvHbEJ12LLxqDdEujTCW?usp=sharing","","","","","","","","","","","","","","","","","","","","",""
"แนวทางการเขียนรายงานวิจัย ขั้นพื้นฐาน.pdf","กลุ่มที่ 1: การพัฒนานวัตกรรมและองค์ความรู้เฉพาะทางในการนิเทศการศึกษา","1.1 เอกสารวิชาการประเภท ""คู่มือและแนวทางการนิเทศ""","คู่มือและแนวทางวิชาการที่สกัดจากประสบการณ์ตรง เพื่อเป็นเข็มทิศนำทางให้แก่ครูผู้สอนระดับขั้นพื้นฐานในการเขียนรายงานการวิจัยในชั้นเรียนอย่างถูกต้องตามหลักเกณฑ์และเป็นระบบ","https://drive.google.com/drive/folders/1rMBq7XiQFJBOZsH7W5O8Ys1MwdYDbU3K?usp=sharing","","","","","","","","","","","","","","","","","","","","",""
"แนวทางการเขียนรายงานวิจัย ปฐมวัย.pdf","กลุ่มที่ 1: การพัฒนานวัตกรรมและองค์ความรู้เฉพาะทางในการนิเทศการศึกษา","1.1 เอกสารวิชาการประเภท ""คู่มือและแนวทางการนิเทศ""","เอกสารแนวทางการจัดทำและเขียนรายงานการวิจัยในชั้นเรียนที่ออกแบบมาเฉพาะสำหรับครูปฐมวัย เพื่อเป็นเครื่องมือในการสืบเสาะความจริงและแก้ปัญหาพัฒนาการเด็กอย่างเป็นระบบและเชื่อถือได้","https://drive.google.com/drive/folders/1rMBq7XiQFJBOZsH7W5O8Ys1MwdYDbU3K?usp=sharing","","","","","","","","","","","","","","","","","","","","",""
"รวมเล่ม AL 2568.pdf","กลุ่มที่ 1: การพัฒนานวัตกรรมและองค์ความรู้เฉพาะทางในการนิเทศการศึกษา","1.3 รายงานการวิจัยและพัฒนา (R&D) ในบทบาทศึกษานิเทศก์","รายงานการวิจัยเชิงสำรวจเพื่อสกัดและตรวจสอบองค์ประกอบและพฤติกรรมบ่งชี้ในการจัดกิจกรรม Active Learning ของครูผู้สอนจังหวัดเชียงใหม่ ปี 2568 เพื่อใช้เป็นกรอบมาตรฐานในการประเมินและนิเทศการศึกษา","https://drive.google.com/drive/folders/1UHau5Y_tZk2yz4wGd-EyCgdYwyLbOyIp?usp=sharing","","","","","","","","","","","","","","","","","","","","",""
"รวมเล่ม Canva v 2.pdf","กลุ่มที่ 4: การพัฒนาระบบนิเวศการเรียนรู้ดิจิทัลและเทคโนโลยีสารสนเทศเพื่อการนิเทศการศึกษา","4.3 คู่มือและรายงานการประเมินผลการใช้เทคโนโลยีดิจิทัล (สถิติการใช้งาน/คู่มือผู้ใช้ระบบ)","คู่มือเทคนิคการประยุกต์ใช้แพลตฟอร์ม Canva for Education สำหรับครูผู้สอน เพื่อการออกแบบการเรียนการสอน การสื่อสารในการนิเทศการศึกษา และการจัดกิจกรรมส่งเสริมทักษะการคิดขั้นสูงของผู้เรียน","https://drive.google.com/drive/folders/1_MewmqiZ2ca1qG0rkFYMKFbCIOVLA6b7?usp=sharing","","","","","","","","","","","","","","","","","","","","",""
"รวมเล่ม GDS.pdf","กลุ่มที่ 4: การพัฒนาระบบนิเวศการเรียนรู้ดิจิทัลและเทคโนโลยีสารสนเทศเพื่อการนิเทศการศึกษา","4.2 การพัฒนาระบบอัตโนมัติและเครื่องมือช่วยปฏิบัติงาน (การเขียนสคริปต์/โค้ด/ระบบอัตโนมัติ)","คู่มืออธิบายการใช้งาน Google Data Studio (GDS) แบบ Step-by-Step สำหรับผู้บริหารและครู เพื่อพัฒนาคุณภาพการศึกษาและระบบบริหารจัดการสถานศึกษาโดยใช้สารสนเทศและการขับเคลื่อนด้วยข้อมูล","https://drive.google.com/drive/folders/12npSm4gurZQZymD0KIj0syAIRYTQiEF1?usp=sharing","","","","","","","","","","","","","","","","","","","","",""
"รวมเล่ม Innovator to innovation final.pdf","กลุ่มที่ 1: การพัฒนานวัตกรรมและองค์ความรู้เฉพาะทางในการนิเทศการศึกษา","1.2 เครื่องมือการวัดและประเมินผลต้นแบบ","รายงานการวิจัยและพัฒนาเครื่องมือต้นแบบ ""แบบประเมินคุณลักษณะนวัตกร"" สำหรับนักเรียนชั้นมัธยมศึกษาตอนต้นในจังหวัดเชียงใหม่ โดยผ่านการตรวจสอบคุณภาพพฤติกรรมบ่งชี้ทั้ง 7 ด้านอย่างเป็นวิทยาศาสตร์","https://drive.google.com/drive/folders/1nE74WgwPM3qwR5Z9KMP_1XUyYnYfZFMu?usp=sharing","","","","","","","","","","","","","","","","","","","","",""
"รวมเล่ม LDS v.2.pdf","กลุ่มที่ 4: การพัฒนาระบบนิเวศการเรียนรู้ดิจิทัลและเทคโนโลยีสารสนเทศเพื่อการนิเทศการศึกษา","4.2 การพัฒนาระบบอัตโนมัติและเครื่องมือช่วยปฏิบัติงาน (การเขียนสคริปต์/โค้ด/ระบบอัตโนมัติ)","คู่มือการประยุกต์ใช้ Looker Studio (ฉบับปรับปรุงครั้งที่ 2) สำหรับผู้บริหารและครู เพื่อเปลี่ยนข้อมูลดิบให้เป็นแดชบอร์ดสารสนเทศอัจฉริยะ นำไปสู่การบริหารจัดการห้องเรียนและสถานศึกษาโดยใช้สารสนเทศเป็นฐาน","https://drive.google.com/drive/folders/12npSm4gurZQZymD0KIj0syAIRYTQiEF1?usp=sharing","","","","","","","","","","","","","","","","","","","","",""
"รวมเล่มทบทวนความรู้การวิจัยในชั้นเรียน.pdf","กลุ่มที่ 2: การพัฒนาวิชาชีพและหนุนเสริมศักยภาพครูผ่านกระบวนการนิเทศแบบร่วมมือ","2.1 หลักสูตรและสื่อการพัฒนาวิชาชีพครู (เช่น เอกสารประกอบการจัดเวิร์กชอป)","สื่อสรุปองค์ความรู้และแบบทดสอบทบทวนเรื่องการวิจัยในชั้นเรียน (ฉบับคนเริ่มต้น) เพื่อใช้หนุนเสริมสมรรถนะครูในการวิเคราะห์ปัญหาห้องเรียนและสร้างนวัตกรรมแก้ไขพฤติกรรมผู้เรียนได้อย่างเป็นระบบ","https://drive.google.com/drive/folders/1XTdr4mmlwkj8wnRVMpYYiECGwHSYoY4H?usp=sharing","","","","","","","","","","","","","","","","","","","","",""
"รวมเล่มแนวทางการเขียนรายงานการวิจัยในชั้นเรียน เอกชน.pdf","กลุ่มที่ 1: การพัฒนานวัตกรรมและองค์ความรู้เฉพาะทางในการนิเทศการศึกษา","1.1 เอกสารวิชาการประเภท ""คู่มือและแนวทางการนิเทศ""","คู่มือและแนวทางวิชาการที่ออกแบบมาจำเพาะสำหรับครูโรงเรียนเอกชน เพื่อใช้เป็นเข็มทิศและกรอบมาตรฐานในการเขียนรายงานวิจัยในชั้นเรียนให้ถูกต้อง น่าเชื่อถือ และสอดคล้องกับเกณฑ์การพัฒนาวิชาชีพ","https://drive.google.com/drive/folders/1rMBq7XiQFJBOZsH7W5O8Ys1MwdYDbU3K?usp=sharing","","","","","","","","","","","","","","","","","","","","",""
"Podcast การวัดและประเมินผลในชั้นเรียน","กลุ่มที่ 4: การพัฒนาระบบนิเวศการเรียนรู้ดิจิทัลและเทคโนโลยีสารสนเทศเพื่อการนิเทศการศึกษา","4.5 ห้องเรียนดิจิทัลและแพลตฟอร์มสื่อมัลติมีเดียออนไลน์","สื่อมัลติมีเดียสร้างความรู้ความเข้าใจพื้นฐานเกี่ยวกับความหมาย ลักษณะ และบทบาทสำคัญของการวัดและประเมินผลการศึกษา เพื่อวางกรอบแนวคิดที่ถูกต้องให้แก่ครูผู้สอน","https://www.youtube.com/playlist?list=PLUyZy8gE6N_blZX5anGIcirZKlUCrI3pq","","","","","","","","","","","","","","","","","","","","",""
"Podcast การวิจัยในชั้นเรียน","กลุ่มที่ 4: การพัฒนาระบบนิเวศการเรียนรู้ดิจิทัลและเทคโนโลยีสารสนเทศเพื่อการนิเทศการศึกษา","4.5 ห้องเรียนดิจิทัลและแพลตฟอร์มสื่อมัลติมีเดียออนไลน์","สื่อมัลติมีเดียสร้างความรู้ความเข้าใจพื้นฐานเกี่ยวกับความหมาย ลักษณะ และบทบาทสำคัญของการวิจัยในชั้นเรียน เพื่อวางกรอบแนวคิดที่ถูกต้องให้แก่ครูผู้สอน","https://www.youtube.com/playlist?list=PLUyZy8gE6N_YjftmsqIe7dDdA5sCt-YeM","","","","","","","","","","","","","","","","","","","","",""
"คลังสื่อวิดีโอพอดแคสต์","กลุ่มที่ 4: การพัฒนาระบบนิเวศการเรียนรู้ดิจิทัลและเทคโนโลยีสารสนเทศเพื่อการนิเทศการศึกษา","4.5 ห้องเรียนดิจิทัลและแพลตฟอร์มสื่อมัลติมีเดียออนไลน์","เป็นคลังสื่อนวัตกรรมการนิเทศทางไกล (Asynchronous Supervision) ที่บูรณาการองค์ความรู้ 3 มิติหลัก ได้แก่ กระบวนการวัดผลเฉพาะทาง (พหุปัญญา/O-NET) แนวทางการบริหารจัดการสถานศึกษาเพื่อรับการประเมินภายนอก และการสื่อสารนโยบายเชิงระบบ เพื่อให้ครูและผู้บริหารสามารถเข้าถึงคำแนะนำทางวิชาการได้ทุกที่ทุกเวลา","https://www.youtube.com/playlist?list=PLUyZy8gE6N_aknJFyCxvGRTojUvsqs02H","","","","","","","","","","","","","","","","","","","","",""
"เพลย์ลิสต์ Classroom Assessment Tip","กลุ่มที่ 4: การพัฒนาระบบนิเวศการเรียนรู้ดิจิทัลและเทคโนโลยีสารสนเทศเพื่อการนิเทศการศึกษา","4.5 ห้องเรียนดิจิทัลและแพลตฟอร์มสื่อมัลติมีเดียออนไลน์","เป็นคลังสื่อนวัตกรรมการนิเทศดิจิทัลในรูปแบบวิดีโอขนาดสั้น (Micro-learning) เพื่อพัฒนาวิชาชีพครูรายบุคคล มุ่งเน้นการให้ความรู้และแนวคิดกระชับ (Tips) เกี่ยวกับการบริหารจัดการระบบการวัดและประเมินผลในชั้นเรียน (Classroom Assessment) ความท้าทายด้านเทคโนโลยี และความฉลาดรู้ด้านการประเมิน (Assessment Literacy)","https://www.youtube.com/playlist?list=PLUyZy8gE6N_abHWKZ0pmSbEAr1-0hfpvg","","","","","","","","","","","","","","","","","","","","",""
"Assessment Talk","กลุ่มที่ 4: การพัฒนาระบบนิเวศการเรียนรู้ดิจิทัลและเทคโนโลยีสารสนเทศเพื่อการนิเทศการศึกษา","4.5 ห้องเรียนดิจิทัลและแพลตฟอร์มสื่อมัลติมีเดียออนไลน์","วิดีโอออนไลน์ที่ใช้ถ่ายทอดสดและบันทึกเทปการเสวนาทางวิชาการ มุ่งเน้นการยกระดับสมรรถนะครูและบุคลากรทางการศึกษา ด้านการวัดและประเมินผลการศึกษาขั้นสูง (EFA, CFA, Mplus) และการประยุกต์ใช้เทคโนโลยีดิจิทัล (Apps Script) เพื่อการบริหารและการนิเทศเชิงระบบ","https://www.youtube.com/playlist?list=PLUyZy8gE6N_aFrglHmzskoJVhL3skDMzz","","","","","","","","","","","","","","","","","","","","",""
"รวมเล่มการประยุกต์ใช้ solo และเทศกาล 3 เทศกาล.pdf","กลุ่มที่ 1: การพัฒนานวัตกรรมและองค์ความรู้เฉพาะทางในการนิเทศการศึกษา","1.2 เครื่องมือการวัดและประเมินผลต้นแบบ","นวัตกรรมการบูรณาการสมรรถนะหลัก 6 ด้าน ร่วมกับ SOLO Taxonomy และภาระงานฐานบริบท 3 เทศกาล เพื่อยกระดับความซับซ้อนเชิงพุทธิปัญญาตามช่วงวัย (ป.3 - ม.6) เปลี่ยนกระบวนทัศน์จากการตัดสินผลเป็นการประเมินเพื่อพัฒนาและการสร้างนั่งร้านการเรียนรู้ (Scaffolding)","https://drive.google.com/file/d/1kiY_0F2vlnmfBCdlFK_TTZHzxCFkNKZl/view?usp=sharing","","","","","","","","","","","","","","","","","","","","",""
"รวมเล่มการวิเคราะห์มาตรฐาน วิทย์ ป.6 เอกชน.pdf","กลุ่มที่ 3: การบริหารจัดการเครือข่ายและประสานความร่วมมือเพื่อการพัฒนาการศึกษาเชิงพื้นที่","3.3 รายงานผลการดำเนินงานเชิงระบบและสารสนเทศเพื่อการตัดสินใจของผู้บริหาร","รายงานสารสนเทศวิเคราะห์แนวโน้มผลทดสอบ O-NET 5 ปี (2563-2567) ของกลุ่มโรงเรียนเอกชนในจังหวัดเชียงใหม่ รายโรงเรียน เพื่อใช้ข้อมูลเชิงลึกเป็นรากฐานและจุดเริ่มต้นในการทำวิจัยในชั้นเรียน (Classroom Action Research) ในการขับเคลื่อนและยกระดับคุณภาพการศึกษาวิทยาศาสตร์","https://drive.google.com/file/d/10XPAWqftZnXRwO8Gc6bg_lPBMCyIeMi6/view?usp=sharing","","","","","","","","","","","","","","","","","","","","",""
"รวมเล่มคู่มือ NotebookLM.pdf","กลุ่มที่ 4: การพัฒนาระบบนิเวศการเรียนรู้ดิจิทัลและเทคโนโลยีสารสนเทศเพื่อการนิเทศการศึกษา","4.1 เอกสารวิชาการและสื่อการเรียนรู้ดิจิทัลในรูปแบบไฟล์คงรูป (PDF/e-Book)","คู่มือวิชาการแนวทางการประยุกต์ใช้แพลตฟอร์ม AI ""NotebookLM"" ภายใต้แนวคิด Source-Grounded AI เพื่อช่วยย่อยเอกสารหนาแน่น แปลงเนื้อหาเป็นแผนผังความคิด พอดแคสต์เสียง และคู่มือการเรียนรู้ ช่วยลดเวลาการทำงานวิจัยและเพิ่มประสิทธิภาพการจัดการความรู้ส่วนบุคคล","https://drive.google.com/file/d/1M_UUX5mXrQPDyXIhxF3tnfgwvg6Kx67M/view?usp=sharing","","","","","","","","","","","","","","","","","","","","",""
"รวมเล่มคู่มือการใช้คู่มือนิเทศการวิจัยในชั้นเรียน.pdf","กลุ่มที่ 1: การพัฒนานวัตกรรมและองค์ความรู้เฉพาะทางในการนิเทศการศึกษา","1.1 เอกสารวิชาการประเภท ""คู่มือและแนวทางการนิเทศ""","เอกสารแนวทางการใช้คู่มือนิเทศการวิจัยในชั้นเรียนจำนวน 12 เล่ม สำหรับศึกษานิเทศก์และครูผู้สอนระดับประถมศึกษา นำเสนอกระบวนการอย่างเป็นระบบ ตั้งแต่วินิจฉัยปัญหาจนถึงการประเมินรายงานวิจัย เพื่อให้ครูนำไปจัดกิจกรรมการเรียนรู้โดยมีวิจัยเป็นฐาน","https://drive.google.com/file/d/1-l7z6Rj2BeN3XA5hcj8tY_HfCdJc-2XH/view?usp=sharing","","","","","","","","","","","","","","","","","","","","",""
"รวมเล่มคู่มือประกอบการนิเทศการวัดผลในชั้นเรียน.pdf","กลุ่มที่ 1: การพัฒนานวัตกรรมและองค์ความรู้เฉพาะทางในการนิเทศการศึกษา","1.1 เอกสารวิชาการประเภท ""คู่มือและแนวทางการนิเทศ""","คู่มือแนวทางการขับเคลื่อนการนิเทศผ่านชุดคู่มือวัดผลในชั้นเรียน 12 เล่ม มุ่งพัฒนาศักยภาพครูประถมศึกษากรณีการสร้างและประเมินคุณภาพเครื่องมือวัดผล (พุทธิพิสัย จิตพิสัย ทักษะพิสัย) เพื่อปรับปรุงกระบวนการออกแบบการวัดและประเมินผลให้ตรงตามหลักวิชา","https://drive.google.com/file/d/1ibJAZ5_DFNkldptdJoGkFsSUKxGp35hQ/view?usp=sharing","","","","","","","","","","","","","","","","","","","","",""
"รวมเล่มแนวทางการบูรณาการและ AL.pdf","กลุ่มที่ 2: การพัฒนาวิชาชีพและหนุนเสริมศักยภาพครูผ่านกระบวนการนิเทศแบบร่วมมือ","2.1 หลักสูตรและสื่อการพัฒนาวิชาชีพครู (เช่น เอกสารประกอบการจัดเวิร์กชอป)","กรอบแนวคิดและกรณีศึกษาการจัดการเรียนรู้เชิงรุก (Active Learning) บนสถานการณ์จริงเพื่อบ่มเพาะคุณลักษณะนวัตกรเยาวชน 5 ประการ ผ่านนวัตกรรมการศึกษา 5 มิติ โดยกำหนดบทบาทพฤติกรรมบ่งชี้ชัดเจนของครูในการจัดสภาพแวดล้อมเชิงนิเวศเพื่อสร้างนวัตกร","https://drive.google.com/file/d/1_Cpj6eycfA72_c6Z94SymAxYMLNmBG7X/view?usp=sharing","","","","","","","","","","","","","","","","","","","","",""
"รวมเล่มแนวทางการสร้างวัฒนธรรมการขับเคลื่อนด้วยข้อมูลในสถานศึกษา.pdf","กลุ่มที่ 3: การบริหารจัดการเครือข่ายและประสานความร่วมมือเพื่อการพัฒนาการศึกษาเชิงพื้นที่","3.3 รายงานผลการดำเนินงานเชิงระบบและสารสนเทศเพื่อการตัดสินใจของผู้บริหาร","คู่มือเชิงกลยุทธ์ในการเปลี่ยนผ่านระบบสถานศึกษาไปสู่องค์กรที่ตัดสินใจด้วยข้อมูล (Data-Driven Decision Making) โดยขับเคลื่อนผ่านรากฐาน 3 ประการ (คุณภาพ ขีดความสามารถ วัฒนธรรม) และ 4 เสาหลัก เพื่อเลี่ยงการใช้ข้อมูลแบบผิวเผินและยกระดับผลลัพธ์ผู้เรียนเชิงระบบ","https://drive.google.com/file/d/1Wu-V7X9L_FGmvtGC7FhA6_2CK3ocwMIn/view?usp=sharing","","","","","","","","","","","","","","","","","","","","",""
"รวมเล่มแนวทางการนิเทศเพื่อรอบรับประเมินภาพนอก ขั้นพื้นฐาน final.pdf","กลุ่มที่ 1: การพัฒนานวัตกรรมและองค์ความรู้เฉพาะทางในการนิเทศการศึกษา","1.1 เอกสารวิชาการประเภท ""คู่มือและแนวทางการนิเทศ""","กรอบแนวทางการนิเทศสถานศึกษาขั้นพื้นฐาน 3 มาตรฐาน 16 ตัวชี้วัด ภายใต้โมเดล MSDLK และแนวคิด Assessment for Learning ขับเคลื่อนร่องรอยหลักฐานเชิงประจักษ์ (SAR) ผ่านการบูรณาการเทคโนโลยี NotebookLM เพื่อลดภาระงานเอกสาร","https://drive.google.com/file/d/1QrI3Fqbvx3-nRBiZwy-kk_NjMR3GqVus/view?usp=sharing","","","","","","","","","","","","","","","","","","","","",""
"รวมเล่มแนวทางการนิเทศเพื่อรอบรับประเมินภาพนอกระดับปฐมวัย.pdf","กลุ่มที่ 1: การพัฒนานวัตกรรมและองค์ความรู้เฉพาะทางในการนิเทศการศึกษา","1.1 เอกสารวิชาการประเภท ""คู่มือและแนวทางการนิเทศ""","คู่มือการนิเทศยกระดับคุณภาพสถานศึกษาปฐมวัยรองรับการประเมิน สมศ. มุ่งเน้นการพัฒนาองค์รวม (Holistic Development) ทักษะสมอง EF และ Play-based Learning ควบคู่กับการใช้เทคโนโลยีวิเคราะห์ ""กระจกสะท้อนการสอน"" ของครู","https://drive.google.com/file/d/13rdcvMvqt8eMQb4XkUP-9Nm8jt7onIAk/view?usp=sharing","","","","","","","","","","","","","","","","","","","","",""
"แนวทางการประเมินผลการเรียนรู้ของผู้เรียนภายใต้สถานการณ์ปัญญาประดิษฐ์","กลุ่มที่ 3: การบริหารจัดการเครือข่ายและประสานความร่วมมือเพื่อการพัฒนาการศึกษาเชิงพื้นที่","3.3 รายงานผลการดำเนินงานเชิงระบบและสารสนเทศเพื่อการตัดสินใจของผู้บริหาร","รายงานเชิงสถิติและการสังเคราะห์ความคิดเห็นผู้บริหารและครู 384 คน ผ่าน AI (Gemini Pro) นำเสนอภาพรวมทัศนคติเชิงบวกต่อการปรับเปลี่ยนระบบวัดผลสู่ Competency & Hybrid Assessment พร้อมข้อเสนอแนะเชิงนโยบายและแนวปฏิบัติเชิงพื้นที่ในการหนุนเสริมจริยธรรม AI และเครื่องมือลดภาระงานครู","https://drive.google.com/file/d/1kyzAxO9HlOA2n_XdhompbZNdwyvsPR7X/view?usp=sharing","","","","","","","","","","","","","","","","","","","","",""
"การออกแบบการประเมินสมรรถนะของผู้เรียนโดยใช้วันไหว้ครูเป็นฐาน","กลุ่มที่ 2: การพัฒนาวิชาชีพและหนุนเสริมศักยภาพครูผ่านกระบวนการนิเทศแบบร่วมมือ","2.1 หลักสูตรและสื่อการพัฒนาวิชาชีพครู (เช่น เอกสารประกอบการจัดเวิร์กชอป)","สื่อนำเสนอโครงการเวิร์กชอปเรื่อง ""การออกแบบการประเมินสมรรถนะของผู้เรียนโดยใช้วันไหว้ครูเป็นฐาน"" โดยศึกษานิเทศก์ รัชภูมิ สมสมัย มุ่งเน้นการเชื่อมโยงความรู้ ประสบการณ์ และชีวิตจริง เพื่อปรับเปลี่ยนแนวทางการวัดผลเชิงรุก","https://canva.link/grx1xss1bkogle3","","","","","","","","","","","","","","","","","","","","",""
"การออกแบบนวัตกรรมการศึกษาบนฐานผลการประเมินระดับห้องเรียน / ระดับชาติ และบริบทพื้นถิ่นอำเภอเชียงดาว","กลุ่มที่ 2: การพัฒนาวิชาชีพและหนุนเสริมศักยภาพครูผ่านกระบวนการนิเทศแบบร่วมมือ","2.1 หลักสูตรและสื่อการพัฒนาวิชาชีพครู (เช่น เอกสารประกอบการจัดเวิร์กชอป)","สื่อนำเสนอโครงการเวิร์กชอปเรื่อง ""การออกแบบการประเมินสมรรถนะของผู้เรียนโดยใช้วันไหว้ครูเป็นฐาน"" โดยศึกษานิเทศก์ รัชภูมิ สมสมัย มุ่งเน้นการเชื่อมโยงความรู้ ประสบการณ์ และชีวิตจริง เพื่อปรับเปลี่ยนแนวทางการวัดผลเชิงรุก","https://canva.link/ehihansjmh55md4","","","","","","","","","","","","","","","","","","","","",""
"แนวทางการประเมินสมรรถนะของผู้เรียนที่สอดคล้อง พรบ.พื้นที่นวัตกรรมการศึกษา","กลุ่มที่ 2: การพัฒนาวิชาชีพและหนุนเสริมศักยภาพครูผ่านกระบวนการนิเทศแบบร่วมมือ","2.1 หลักสูตรและสื่อการพัฒนาวิชาชีพครู (เช่น เอกสารประกอบการจัดเวิร์กชอป)","สื่อนำเสนอโครงการเวิร์กชอปเรื่อง ""การออกแบบการประเมินสมรรถนะของผู้เรียนโดยใช้วันไหว้ครูเป็นฐาน"" โดยศึกษานิเทศก์ รัชภูมิ สมสมัย มุ่งเน้นการเชื่อมโยงความรู้ ประสบการณ์ และชีวิตจริง เพื่อปรับเปลี่ยนแนวทางการวัดผลเชิงรุก","https://canva.link/omh9ht81j7x8g5g","","","","","","","","","","","","","","","","","","","","",""
"The Barista Leader ชงทักษะคนการศึกษาให้กลมกล่อมในโลก AI","กลุ่มที่ 2: การพัฒนาวิชาชีพและหนุนเสริมศักยภาพครูผ่านกระบวนการนิเทศแบบร่วมมือ","2.1 หลักสูตรและสื่อการพัฒนาวิชาชีพครู (เช่น เอกสารประกอบการจัดเวิร์กชอป)","สื่อนำเสนอโครงการเวิร์กชอปเรื่อง ""การออกแบบการประเมินสมรรถนะของผู้เรียนโดยใช้วันไหว้ครูเป็นฐาน"" โดยศึกษานิเทศก์ รัชภูมิ สมสมัย มุ่งเน้นการเชื่อมโยงความรู้ ประสบการณ์ และชีวิตจริง เพื่อปรับเปลี่ยนแนวทางการวัดผลเชิงรุก","https://canva.link/bbzc16519guglz4","","","","","","","","","","","","","","","","","","","","",""
"Active Learning / Innovators and Real life","กลุ่มที่ 2: การพัฒนาวิชาชีพและหนุนเสริมศักยภาพครูผ่านกระบวนการนิเทศแบบร่วมมือ","2.1 หลักสูตรและสื่อการพัฒนาวิชาชีพครู (เช่น เอกสารประกอบการจัดเวิร์กชอป)","สื่อนำเสนอโครงการเวิร์กชอปเรื่อง ""การออกแบบการประเมินสมรรถนะของผู้เรียนโดยใช้วันไหว้ครูเป็นฐาน"" โดยศึกษานิเทศก์ รัชภูมิ สมสมัย มุ่งเน้นการเชื่อมโยงความรู้ ประสบการณ์ และชีวิตจริง เพื่อปรับเปลี่ยนแนวทางการวัดผลเชิงรุก","https://canva.link/t6mtw5t86qzpgr6","","","","","","","","","","","","","","","","","","","","",""
"รวมเล่มการออกแบบกิจกรรมวิทยาศาสตร์ ป.6.pdf","กลุ่มที่ 4: การพัฒนาระบบนิเวศการเรียนรู้ดิจิทัลและเทคโนโลยีสารสนเทศเพื่อการนิเทศการศึกษา","4.1 เอกสารวิชาการและสื่อการเรียนรู้ดิจิทัลในรูปแบบไฟล์คงรูป (PDF/e-Book)","นวัตกรรมสื่อสิ่งพิมพ์ดิจิทัล (e-Book) ต้นแบบการใช้ Prompt Engineering ร่วมกับ AI (Gemini) ในการออกแบบแนวทางกิจกรรมการเรียนรู้และการประเมินผล ที่สอดคล้องกับตัวชี้วัดระหว่างทางและปลายทาง กลุ่มสาระวิทยาศาสตร์และเทคโนโลยี ชั้น ป.6 เพื่อเป็นไอเดียตั้งต้นให้ครูนำไปประยุกต์ใช้ในชั้นเรียน","https://drive.google.com/file/d/1oNuvQMJ0XB4U6GcRqKTcfSOHWAfDvarY/view?usp=sharing","","","","","","","","","","","","","","","","","","","","",""
"คลังวิเคราะห์ตัวชี้วัดบูรณาการและกิจกรรม","กลุ่มที่ 4: การพัฒนาระบบนิเวศการเรียนรู้ดิจิทัลและเทคโนโลยีสารสนเทศเพื่อการนิเทศการศึกษา","4.4 แพลตฟอร์มและระบบสารสนเทศอัจฉริยะบนเครือข่ายอินเทอร์เน็ต (Website/Dashboard)","ระบบสารสนเทศ Web-based Dashboard เพื่อการบริหารจัดการหลักสูตร โดยนำเสนอผลการวิเคราะห์และเชื่อมโยงตัวชี้วัดระหว่างทางและตัวชี้วัดปลายทาง (กลุ่มสาระฯ ภาษาไทย ชั้น ป.1) บูรณาการเข้ากับกิจกรรมและเทศกาลสำคัญตามปฏิทินตลอดปีการศึกษา ช่วยให้ครูผู้ออกแบบหน่วยการเรียนรู้สามารถสืบค้นและนำไปใช้จัดการเรียนการเรียนสอนได้อย่างเป็นระบบ","https://subject-activity-analysis-cmpeo.vercel.app/","","","","","","","","","","","","","","","","","","","","",""
"การประเมินรายงานการวิจัยในชั้นเรียน","กลุ่มที่ 2: การพัฒนาวิชาชีพและหนุนเสริมศักยภาพครูผ่านกระบวนการนิเทศแบบร่วมมือ","2.1 หลักสูตรและสื่อการพัฒนาวิชาชีพครู (เช่น เอกสารประกอบการจัดเวิร์กชอป)","สื่อนำเสนอประกอบการอบรมเชิงปฏิบัติการเพื่อยกระดับสมรรถนะบุคลากรในการทำวิจัยในชั้นเรียน โดยนำเทคโนโลยี AI มาเป็นเครื่องมือช่วยวิเคราะห์และประเมินผลงานวิจัย มุ่งเน้นการเปลี่ยนผ่านจากการทำวิจัยแบบดั้งเดิมสู่กระบวนการที่รวดเร็วและมีประสิทธิภาพสูงขึ้นเพื่อแก้ปัญหาผู้เรียนได้ทันท่วงที","https://canva.link/7cnl5n9ic0uspwk","","","","","","","","","","","","","","","","","","","","",""
"การจัดทำสารสนเทศภายในองค์กรการศึกษาโดยการประยุกต์ใช้ Looker Studio","กลุ่มที่ 2: การพัฒนาวิชาชีพและหนุนเสริมศักยภาพครูผ่านกระบวนการนิเทศแบบร่วมมือ","2.1 หลักสูตรและสื่อการพัฒนาวิชาชีพครู (เช่น เอกสารประกอบการจัดเวิร์กชอป)","","https://canva.link/1zfuesmpl66zjbb","","","","","","","","","","","","","","","","","","","","",""
"แนวทางการสร้างแบบประเมินคุณลักษณะนวัตกรนักเรียนระดับชั้นมัธยมศึกษาตอนต้น","กลุ่มที่ 2: การพัฒนาวิชาชีพและหนุนเสริมศักยภาพครูผ่านกระบวนการนิเทศแบบร่วมมือ","4.4 แพลตฟอร์มและระบบสารสนเทศอัจฉริยะบนเครือข่ายอินเทอร์เน็ต (Website/Dashboard)","หน้าแรกของระบบสารสนเทศ Web-based Application ""คลังวิเคราะห์ตัวชี้วัดบูรณาการและกิจกรรม"" ที่ออกแบบ Interactivity เชื่อมโยงระดับชั้น ป.1 - ม.3 และปุ่มเมนูเข้าถึงข้อมูลสำคัญ เช่น โครงสร้างปฏิทิน เทศกาล และตัวชี้วัด มุ่งเป้าเป็นศูนย์กลางให้ครูสืบค้นเพื่ออกแบบหน่วยการเรียนรู้ลดเวลาทำงานซ้ำซ้อน","https://canva.link/j1lduvyvakqzflh","","","","","","","","","","","","","","","","","","","","",""
"การออกแบบการประเมินผลการเรียนรู้ที่สอดคล้องกับชีวิตจริง","กลุ่มที่ 4: การพัฒนาระบบนิเวศการเรียนรู้ดิจิทัลและเทคโนโลยีสารสนเทศเพื่อการนิเทศการศึกษา","4.5 ห้องเรียนดิจิทัลและแพลตฟอร์มสื่อมัลติมีเดียออนไลน์ (Digital Classrooms, Video & Streaming Platforms)","แพลตฟอร์มคลังสื่อและกิจกรรมการเรียนรู้ดิจิทัล แยกตาม 8 กลุ่มสาระฯ และกิจกรรมพัฒนาผู้เรียน มีระบบสืบค้นแผนการจัดการเรียนรู้บูรณาการและวิดีโอประกอบการสอน มุ่งหวังให้เป็นห้องเรียนดิจิทัลต้นแบบสำหรับครูผู้สอนในการดาวน์โหลดและขยายผลเชิงพื้นที่","https://canva.link/by50xg363hzl5ry","","","","","","","","","","","","","","","","","","","","",""
"Storybook การวิจัยในชั้นรียน","กลุ่มที่ 4: การพัฒนาระบบนิเวศการเรียนรู้ดิจิทัลและเทคโนโลยีสารสนเทศเพื่อการนิเทศการศึกษา","4.5 ห้องเรียนดิจิทัลและแพลตฟอร์มสื่อมัลติมีเดียออนไลน์ (Digital Classrooms, Video & Streaming Platforms)","เป็นการนำเสนอแพลตฟอร์มห้องเรียนดิจิทัลและสื่อมัลติมีเดียออนไลน์เพื่อสนับสนุนการจัดกิจกรรมการเรียนรู้และการนิเทศทางไกล นวัตกรรมนี้ช่วยลดข้อจำกัดเชิงพื้นที่ เพิ่มความยืดหยุ่นในการเข้าถึงองค์ความรู้แก่ครูผู้สอน และเป็นเครื่องมือขับเคลื่อนการนิเทศในยุคดิจิทัลอย่างเป็นระบบ","https://classroom-storybook-portal.vercel.app/","","","","","","","","","","","","","","","","","","","","",""
"Storybook การวัดผลในชั้นรียน","กลุ่มที่ 4: การพัฒนาระบบนิเวศการเรียนรู้ดิจิทัลและเทคโนโลยีสารสนเทศเพื่อการนิเทศการศึกษา","4.5 ห้องเรียนดิจิทัลและแพลตฟอร์มสื่อมัลติมีเดียออนไลน์ (Digital Classrooms, Video & Streaming Platforms)","ชุดเอกสารแนวทางการทำวิจัยในชั้นเรียนที่แบ่งเนื้อหาเป็นเล่มย่อยแบบเบ็ดเสร็จ (เช่น นวัตกรรม, ประชากรและกลุ่มตัวอย่าง, การเก็บรวบรวมข้อมูล, การเขียนโครงร่าง) เพื่อเป็นคู่มือมาตรฐานให้ครูใช้แก้ปัญหาและพัฒนาการเรียนรู้ของผู้เรียนอย่างเป็นระบบ","https://classroom-storybook-portal.vercel.app/","","","","","","","","","","","","","","","","","","","","",""
"Claude ครูสร้างเว็บ","กลุ่มที่ 4: การพัฒนานวัตกรรมและระบบนิเวศการเรียนรู้ดิจิทัลและเทคโนโลยีสารสนเทศเพื่อการนิเทศการศึกษา","4.4 แพลตฟอร์มและระบบสารสนเทศอัจฉริยะบนเครือข่ายอินเทอร์เน็ต (Website/Dashboard)","แพลตฟอร์มการเรียนรู้และระบบสารสนเทศอัจฉริยะที่ช่วยยกระดับสมรรถนะครูในการสร้างเว็บสื่อการสอนและพอร์ตโฟลิโอ (วPA) ด้วย Claude AI โดยเป็นนวัตกรรมที่เปลี่ยนบทบาทครูจากผู้ใช้สื่อสู่การเป็น ""ผู้พัฒนาสื่อนวัตกรรมดิจิทัลปฏิสัมพันธ์"" ได้ด้วยตนเองโดยไม่ต้องเขียนโค้ด","https://claude-web-guide-for-teachers.vercel.app/","","","","","","","","","","","","","","","","","","","","",""
"รวมเล่ม school learning map final.pdf","กลุ่มที่ 3: การบริหารจัดการเครือข่ายและประสานความร่วมมือเพื่อการพัฒนาการศึกษาเชิงพื้นที่","3.3 รายงานผลการดำเนินงานเชิงระบบและสารสนเทศเพื่อการตัดสินใจของผู้บริหาร","เอกสารการจัดทำแผนที่การเรียนรู้ของโรงเรียน (School Learning Map) เชิงระบบ ที่รวบรวมสารสนเทศ ทิศทาง และผลการดำเนินงานของสถานศึกษาในเครือข่าย เพื่อให้ผู้บริหารและศึกษานิเทศก์ใช้เป็นฐานข้อมูลเชิงยุทธศาสตร์ในการตัดสินใจพัฒนาและนิเทศการศึกษาได้ตรงตามบริบทจริง","https://drive.google.com/file/d/1SyioEhFerADIJploYWUoaryqfFsGKeXs/view?usp=sharing","","","","","","","","","","","","","","","","","","","","",""
"ระบบคลัง Prompt for Antigravity 2.0 เพื่อการศึกษา","กลุ่มที่ 4: การพัฒนาระบบนิเวศการเรียนรู้ดิจิทัลและเทคโนโลยีสารสนเทศเพื่อการนิเทศการศึกษา","4.2 การพัฒนาระบบอัตโนมัติและเครื่องมือช่วยปฏิบัติงาน (การเขียนสคริปต์/โค้ด/ระบบอัตโนมัติ)","แพลตฟอร์มสารสนเทศเพื่อการขับเคลื่อนและบริหารจัดการชุดคำสั่ง (Prompt) ในระบบปัญญาประดิษฐ์ (AI) แยกกลุ่มผู้ใช้งานเป็นครูผู้สอน ผู้บริหาร และศึกษานิเทศก์ หนุนเสริมการทำงานเชิงอัตโนมัติและการสังเคราะห์งานวิจัยในชั้นเรียน","https://script.google.com/macros/s/AKfycbwsO5CN6GF8ErK69DDOFMOX71k_cDWGBUfeyY3lpvW648UArtIDgvavxiegCJwONlvt/exec","","","","","","","","","","","","","","","","","","","","",""
"คลังกิจกรรมการเรียนรู้ส่งเสริมพหุปัญญาล้านนา","กลุ่มที่ 4: การพัฒนาระบบนิเวศการเรียนรู้ดิจิทัลและเทคโนโลยีสารสนเทศเพื่อการนิเทศการศึกษา","4.4 แพลตฟอร์มและระบบสารสนเทศอัจฉริยะบนเครือข่ายอินเทอร์เน็ต (Website/Dashboard)","แพลตฟอร์ม Web application คลังนวัตกรรมการสอนระดับประถมศึกษา (ป.4-6) ที่บูรณาการ Soft Power ล้านนาเข้ากับพหุปัญญา มีระบบสืบค้นและคัดกรองกิจกรรม (Filter) ตามระดับชั้น บริบทท้องถิ่น และมิติพหุปัญญาหลัก เพื่อให้ครูผู้สอนเข้าถึงแผนการจัดการเรียนรู้และไอเดียการประเมินผลได้สะดวก","https://cm-mi-p4-p6.vercel.app/","","","","","","","","","","","","","","","","","","","","",""
"ระบบประเมินและเรียนรู้องค์ประกอบ Active Learning","กลุ่มที่ 4: การพัฒนาระบบนิเวศการเรียนรู้ดิจิทัลและเทคโนโลยีสารสนเทศเพื่อการนิเทศการศึกษา","4.4 แพลตฟอร์มและระบบสารสนเทศอัจฉริยะบนเครือข่ายอินเทอร์เน็ต (Website/Dashboard)","ระบบสารสนเทศดิจิทัล ""Active Learning @ CMPEO"" สนับสนุนการประเมินตนเองของครูและผู้บริหารในการขับเคลื่อนการจัดการเรียนรู้เชิงรุกเชิงพื้นที่ (เชียงใหม่ พ.ศ. 2568-2569) ประมวลผลจากงานวิจัยเชิงโครงสร้างสถิติเพื่อยกระดับขีดความสามารถการสอนอย่างยั่งยืน","https://active-learning-cmpeo.vercel.app/","","","","","","","","","","","","","","","","","","","","",""
"ครูพร้อมใช้ (AI Prompt Library)","กลุ่มที่ 4: การพัฒนาระบบนิเวศการเรียนรู้ดิจิทัลและเทคโนโลยีสารสนเทศเพื่อการนิเทศการศึกษา","4.4 แพลตฟอร์มและระบบสารสนเทศอัจฉริยะบนเครือข่ายอินเทอร์เน็ต (Website/Dashboard)","แพลตฟอร์ม ""ครูพร้อมใช้ (AI Prompt Library)"" คลังคำสั่งปฏิสัมพันธ์ (Prompt) สำหรับครูเพื่อใช้ AI เจนเนอเรชันสร้างสื่อการสอนและเครื่องมือประเมินสมรรถนะ/พหุปัญญาผู้เรียนรายบุคคล มีระบบแยกหมวดหมู่อาชีพ วัฒนธรรม และปุ่มคัดลอกโค้ดไปใช้ได้ทันที","https://sornorpoom.github.io/prompt-for-digital-art/","","","","","","","","","","","","","","","","","","","","",""
"คลังวิเคราะห์ตัวชี้วัดบูรณาการและกิจกรรม","กลุ่มที่ 4: การพัฒนาระบบนิเวศการเรียนรู้ดิจิทัลและเทคโนโลยีสารสนเทศเพื่อการนิเทศการศึกษา","4.4 แพลตฟอร์มและระบบสารสนเทศอัจฉริยะบนเครือข่ายอินเทอร์เน็ต (Website/Dashboard)","ระบบสารสนเทศ Web-based Dashboard เพื่อการบริหารจัดการหลักสูตร โดยนำเสนอผลการวิเคราะห์และเชื่อมโยงตัวชี้วัดระหว่างทางและตัวชี้วัดปลายทาง (กลุ่มสาระฯ ภาษาไทย ชั้น ป.1) บูรณาการเข้ากับกิจกรรมและเทศกาลสำคัญตามปฏิทินตลอดปีการศึกษา ช่วยให้ครูผู้ออกแบบหน่วยการเรียนรู้สามารถสืบค้นและนำไปใช้จัดการเรียนการเรียนสอนได้อย่างเป็นระบบ","https://subject-activity-analysis-cmpeo.vercel.app/","","","","","","","","","","","","","","","","","","","","",""
"รวมเล่มกิจกรรมพัฒนาพหุปัญญา ป.4-ป.6 ครูสร้าง final.pdf","กลุ่มที่ 1: การพัฒนานวัตกรรมและองค์ความรู้เฉพาะทางในการนิเทศการศึกษา","1.2 เครื่องมือการวัดและประเมินผลต้นแบบ","นวัตกรรมชุดเครื่องมือและกิจกรรมประเมินพหุปัญญา (Multiple Intelligences) ที่ผ่านการวิจัยเชิงระบบและสกัดพฤติกรรมบ่งชี้ให้สอดคล้องกับวิถีชีวิตและบริบททางวัฒนธรรมของจังหวัดเชียงใหม่","https://drive.google.com/drive/folders/1nE74WgwPM3qwR5Z9KMP_1XUyYnYfZFMu?usp=sharing","","","","","","","","","","","","","","","","","","","","",""
"ระบบสารสนเทศ School Learning Map","กลุ่มที่ 4: การพัฒนาระบบนิเวศการเรียนรู้ดิจิทัลและเทคโนโลยีสารสนเทศเพื่อการนิเทศการศึกษา","4.4 แพลตฟอร์มและระบบสารสนเทศอัจฉริยะบนเครือข่ายอินเทอร์เน็ต (Website/Dashboard)","ระบบสารสนเทศในรูปแบบ Web Application (Google Apps Script) แสดงผลในลักษณะ Matrix Dashboard เพื่อติดตามและกำกับสถานะการส่งภารกิจ/ชิ้นงานของนักเรียนจำแนกตามรายเดือนและระดับชั้น (ป.1 - ป.5) พร้อมระบบคัดกรองข้อมูล (Filter) และลิงก์ดาวน์โหลดชิ้นงานรายบุคคล ช่วยหนุนเสริมการนิเทศติดตามเชิงพื้นที่ได้อย่างเป็นระบบ","https://script.google.com/macros/s/AKfycbwUcxONWi80s_iuiN6Qzodt5nHw-LC0DhdgXCIPpED_Dmy7ZRX8UKn69cIMHeDMiImIgQ/exec","","","","","","","","","","","","","","","","","","","","",""
"Chiang Mai Tourism Poster Collection from teacher","กลุ่มที่ 4: การพัฒนาระบบนิเวศการเรียนรู้ดิจิทัลและเทคโนโลยีสารสนเทศเพื่อการนิเทศการศึกษา","4.4 แพลตฟอร์มและระบบสารสนเทศอัจฉริยะบนเครือข่ายอินเทอร์เน็ต (Website/Dashboard)","Web Application รูปแบบ Matrix Dashboard ติดตามสถานะการส่งภารกิจของครูและนักเรียนแยกตามรายเดือนและระดับชั้น (ป.1 - ป.5) พร้อมระบบ Filter คัดกรองและลิงก์ดาวน์โหลดชิ้นงานรายบุคคล หนุนเสริมกระบวนการกำกับติดตามและประเมินผลเชิงพื้นที่ได้อย่างเป็นระบบ","https://script.google.com/macros/s/AKfycbyFjb83q8KJs1j_xGOyM-j43BTTjStyhfB_xurWpDi2PhH-AX_jtJ8CSSamBqO5xxxU/exec","","","","","","","","","","","","","","","","","","","","",""
"Chiang Mai Tourism Poster Collection from student","กลุ่มที่ 4: การพัฒนาระบบนิเวศการเรียนรู้ดิจิทัลและเทคโนโลยีสารสนเทศเพื่อการนิเทศการศึกษา","4.4 แพลตฟอร์มและระบบสารสนเทศอัจฉริยะบนเครือข่ายอินเทอร์เน็ต (Website/Dashboard)","ระบบสารสนเทศ Web Application (Google Apps Script) รูปแบบ Matrix Dashboard แสดงสถานการณ์ส่งภารกิจแยกรายเดือนและระดับชั้น (ป.1 - ป.5) พร้อมระบบคัดกรองตัวเลือกหลักและลิงก์ดาวน์โหลดชิ้นงานรายบุคคล ช่วยหนุนเสริมการติดตามและประเมินผลสัมฤทธิ์เชิงพื้นที่","https://script.google.com/macros/s/AKfycbxIySS85ZhJ0gJ66asQDTU2hhWG-3OMAqZJxaZNp8b2hMEXiVY2xjgWH2DsJyzIs9cYsg/exec","","","","","","","","","","","","","","","","","","","","",""
"คลังฐานข้อมูลนวัตกรรมและรายงานการวิจัยในชั้นเรียน","กลุ่มที่ 4: การพัฒนาระบบนิเวศการเรียนรู้ดิจิทัลและเทคโนโลยีสารสนเทศเพื่อการนิเทศการศึกษา","4.4 แพลตฟอร์มและระบบสารสนเทศอัจฉริยะบนเครือข่ายอินเทอร์เน็ต (Website/Dashboard)","หน้าแรกของระบบสารสนเทศ (Main Platform Interface) แพลตฟอร์มบูรณาการสื่อดิจิทัลและการศึกษาเชิงพื้นที่ มีระบบสมาชิก สถิติจำนวนผลงานแยกรายอำเภอในจังหวัดเชียงใหม่ และส่วนแสดงผลงานเด่นเพื่อสร้างแรงบันดาลใจในการเรียนรู้","https://script.google.com/macros/s/AKfycbzQcL0qvQ2_YFSO5xc8JTFujJPqUPqbIKUrdT_JqR_dzOUvH15ux8WJxKgrq7AVda8O/exec","","","","","","","","","","","","","","","","","","","","",""
"Chiangmai School Learning Map การยกระดับเส้นทางการเรียนรู้ด้วยวิถีบริบท","กลุ่มที่ 1: การพัฒนานวัตกรรมและองค์ความรู้เฉพาะทางในการนิเทศการศึกษา","1.1 เอกสารวิชาการประเภท ""คู่มือและแนวทางการนิเทศ""","คลังแผนการจัดการเรียนรู้บูรณาการเชิงนวัตกรรม ภายใต้โครงการ ""Chiangmai School Learning Map"" ระดับชั้น ป.1 - ม.3 ที่ใช้แนวคิดเชิงพื้นที่ (Place-based/Contextual) บูรณาการ 8 กลุ่มสาระ อัตลักษณ์ท้องถิ่น และเทคโนโลยี ขับเคลื่อนด้วยกระบวนการ Active Learning และการประเมินตามสภาพจริง (Authentic Assessment)","https://drive.google.com/file/d/1BCJDNKSUoyERTM6rmAc0Vj3OUJvyAoml/view?usp=sharing","","","","","","","","","","","","","","","","","","","","",""
